text,label
"Remote MCP, railway agent in the CLI, one-command skills install 

Changelog Time!

It's Friday and you know what that means! Here's a summary of the stuff we shipped this week:

Railway Remote MCP server
Railway Agent in the CLI
One-command Railway skills install
Fixes and improvements
Read the changelog

If you have any thoughts/feedback on the changes we're making, reach out on Central Station!

Regards,
Your friends at Railway




Unsubscribe from marketing emails

© 2026 Railway Corp. All rights reserved.",0
"[GitHub] Sudo email verification code  
Please verify your identity, prasannapbhurke
 

Here is your GitHub sudo authentication code:

98279302
 

This code is valid for 15 minutes and can only be used once.

Please don't share this code with anyone: we'll never ask for it on the phone or via email.

Thanks,
The GitHub Team

 
You're receiving this email because a verification code was requested for your GitHub account. If this wasn't you, please ignore this email.
 
 

 

GitHub, Inc. ・88 Colin P Kelly Jr Street ・San Francisco, CA 94107",0
(no subject) Abjaskakal,1
" Congratulations! You Won ₹50,00,000! ",1
"[prasannapbhurke/AI-Email-Spam-Detector] Run failed: Tests - master (404ec68)  
[prasannapbhurke/AI-Email-Spam-Detector] Tests workflow run
 
 
Tests: Some jobs were not successful
 
View workflow run
 
Status	Job	Annotations
	

Tests / test (3.11)
Cancelled

	 3
	

Tests / test (3.10)
Cancelled

	 3
	

Tests / test (3.12)
Cancelled

	 3
	

Tests / test (3.9)
Failed in 26 seconds

	 2
 
 

—
You are receiving this because you are subscribed to this thread.
Manage your GitHub Actions notifications

 

GitHub, Inc. ・88 Colin P Kelly Jr Street ・San Francisco, CA 94107",1
a hii,1
"Welcome to the Claude Platform Welcome to the Claude Platform


You now have access to the Claude API. Here's the fastest path to making your first call:
 
Get your API key


Create your API key in the Claude Console and set it as an environment variable:


export ANTHROPIC_API_KEY='your-api-key-here'
 
Make your first call


Choose your preferred client—cURL, Python, TypeScript, or Java. This quickstart guide provides example code for you to copy and run immediately.
Get your API key
Explore what's possible


Check out these resources to get the most out of the Claude Platform:
 
Quickstarts


Explore projects that you can easily build upon and customize for your specific needs.
 
Cookbooks


Build on the Claude API using ready-to-copy code snippets that you can integrate into your projects.
 
Anthropic Academy


Learn with step-by-step lessons on how to build effectively with Claude.
Explore developer docs
 
 
 

Anthropic PBC, 548 Market St, PMB 90375, San Francisco, CA 94104

This email was sent to prasannapbhurke@gmail.com. To opt out of future emails, click unsubscribe.",1
